Date,Channel,Post Type,utm_source,utm_medium,utm_campaign,utm_content,utm_term,Final Link,Post URL
2025-01-15,LinkedIn,Teaser,linkedin,social,fluency-sprint-sep-2025,teaser-post,,https://fluoverse.com/?utm_source=linkedin&utm_medium=social&utm_campaign=fluency-sprint-sep-2025&utm_content=teaser-post,
2025-01-16,LinkedIn,Last Call,linkedin,social,fluency-sprint-sep-2025,last-call-post,,https://fluoverse.com/?utm_source=linkedin&utm_medium=social&utm_campaign=fluency-sprint-sep-2025&utm_content=last-call-post,
2025-01-17,Instagram,Reel,instagram,social,fluency-sprint-sep-2025,reel-video,,https://fluoverse.com/?utm_source=instagram&utm_medium=social&utm_campaign=fluency-sprint-sep-2025&utm_content=reel-video,
2025-01-18,Instagram,Carousel Sunday,instagram,social,fluency-sprint-sep-2025,carousel-sunday,,https://fluoverse.com/?utm_source=instagram&utm_medium=social&utm_campaign=fluency-sprint-sep-2025&utm_content=carousel-sunday,
2025-01-19,Instagram,Carousel Monday,instagram,social,fluency-sprint-sep-2025,carousel-monday,,https://fluoverse.com/?utm_source=instagram&utm_medium=social&utm_campaign=fluency-sprint-sep-2025&utm_content=carousel-monday,
2025-01-20,Instagram,Carousel Tuesday,instagram,social,fluency-sprint-sep-2025,carousel-tuesday,,https://fluoverse.com/?utm_source=instagram&utm_medium=social&utm_campaign=fluency-sprint-sep-2025&utm_content=carousel-tuesday,
2025-01-21,Instagram,Stories,instagram,social,fluency-sprint-sep-2025,stories-post,,https://fluoverse.com/?utm_source=instagram&utm_medium=social&utm_campaign=fluency-sprint-sep-2025&utm_content=stories-post,
2025-01-22,Twitter,Thread,twitter,social,fluency-sprint-sep-2025,thread-post,,https://fluoverse.com/?utm_source=twitter&utm_medium=social&utm_campaign=fluency-sprint-sep-2025&utm_content=thread-post,
2025-01-23,Twitter,Reminder,twitter,social,fluency-sprint-sep-2025,reminder-post,,https://fluoverse.com/?utm_source=twitter&utm_medium=social&utm_campaign=fluency-sprint-sep-2025&utm_content=reminder-post,
2025-01-24,Twitter,Last Chance,twitter,social,fluency-sprint-sep-2025,last-chance-post,,https://fluoverse.com/?utm_source=twitter&utm_medium=social&utm_campaign=fluency-sprint-sep-2025&utm_content=last-chance-post,
2025-01-25,Reddit,DM,reddit,direct-message,fluency-sprint-sep-2025,reddit-dm,,https://fluoverse.com/?utm_source=reddit&utm_medium=direct-message&utm_campaign=fluency-sprint-sep-2025&utm_content=reddit-dm,
2025-01-26,WhatsApp,Post 1,whatsapp,messaging,fluency-sprint-sep-2025,whatsapp-post-1,,https://fluoverse.com/?utm_source=whatsapp&utm_medium=messaging&utm_campaign=fluency-sprint-sep-2025&utm_content=whatsapp-post-1,
2025-01-27,WhatsApp,Post 2,whatsapp,messaging,fluency-sprint-sep-2025,whatsapp-post-2,,https://fluoverse.com/?utm_source=whatsapp&utm_medium=messaging&utm_campaign=fluency-sprint-sep-2025&utm_content=whatsapp-post-2,
2025-01-28,WhatsApp,Post 3,whatsapp,messaging,fluency-sprint-sep-2025,whatsapp-post-3,,https://fluoverse.com/?utm_source=whatsapp&utm_medium=messaging&utm_campaign=fluency-sprint-sep-2025&utm_content=whatsapp-post-3,
2025-01-29,Email,Email 1,email,email,fluency-sprint-sep-2025,email-1,,https://fluoverse.com/?utm_source=email&utm_medium=email&utm_campaign=fluency-sprint-sep-2025&utm_content=email-1,
2025-01-30,Email,Email 2,email,email,fluency-sprint-sep-2025,email-2,,https://fluoverse.com/?utm_source=email&utm_medium=email&utm_campaign=fluency-sprint-sep-2025&utm_content=email-2,
2025-01-31,Partner,Maria,partner_maria,referral,fluency-sprint-sep-2025,maria-referral,,https://fluoverse.com/?utm_source=partner_maria&utm_medium=referral&utm_campaign=fluency-sprint-sep-2025&utm_content=maria-referral,
2025-02-01,Partner,Carlos,partner_carlos,referral,fluency-sprint-sep-2025,carlos-referral,,https://fluoverse.com/?utm_source=partner_carlos&utm_medium=referral&utm_campaign=fluency-sprint-sep-2025&utm_content=carlos-referral,
2025-02-02,Partner,Ana,partner_ana,referral,fluency-sprint-sep-2025,ana-referral,,https://fluoverse.com/?utm_source=partner_ana&utm_medium=referral&utm_campaign=fluency-sprint-sep-2025&utm_content=ana-referral,
